,username,count
0,AJ_Martinez_13,1
1,A_Flawed_King,1
2,BluegrassBarrel,1
3,Carlos_Marcello,1
4,DLicious1515,1
5,Danielle_TW_Dee,1
6,DebbieTCC,1
7,DeleMage,1
8,DominicChow4,1
9,EDDERS_AVENGERS,1
10,Eirikr_the_Wolf,1
11,FabulousTC,1
12,FabulousTashaa,2
13,Filrzmn,1
14,GEL_KYLE,1
15,GVOPLAYBOY,1
16,IVWall,1
17,ImakiperryIndra,1
18,ImmortalZman,1
19,Isisfoxx,1
20,Jesse_Hamlin,1
21,JimSalomon,1
22,KokiriKid229,1
23,LeaPeea,1
24,Leslieespinozax,1
25,Lilly_souzy,1
26,Luis_Corona14,1
27,MalamuteGamer,1
28,Matt_Guilder,1
29,MelineStark,1
30,Mr_MooreOVO,1
31,NHLJets2point0,1
32,Nikz66432261,1
33,OverandOut_96,2
34,QuickSilverSnD,1
35,Qveenskky,1
36,Sean_Zula,1
37,Seankitskit,1
38,Serranote22,1
39,Shazniqua,1
40,SirDashYandere,1
41,Skrill_Dilly,1
42,SouthSideGAClay,1
43,StufffGoneBy80,1
44,TGS_YT_OFFICIAL,1
45,Tardis2238,1
46,TheNathiFactory,1
47,Vickyy__1,1
48,WilliamsHenriq,1
49,ZurcNosa,1
50,_Adria_Raven_,1
51,_noshirt,1
52,amaanibee,1
53,arabianroot,1
54,artsystxrk,4
55,astropeaches,1
56,aye_LJ,1
57,bencornish,1
58,bidetofevil,1
59,blushsunsets,1
60,chocobo_yoongi,1
61,chvbkx,1
62,cine_monde,1
63,danielibf93,1
64,darknygma,1
65,djbenhameen,1
66,dysphoricfairy,1
67,erskinerecords,1
68,foxmccloud82,1
69,frankiieffect,1
70,fvckzr,1
71,gamsaya,1
72,glowynoire,1
73,griffingold55,1
74,harrrrrryshands,1
75,helabitchin,1
76,heyimtanti,1
77,hobinci,1
78,imsebastiansta,1
79,lauren_greennn,1
80,lgbtsargent,1
81,luvrobertdowney,1
82,marcussimmonscc,1
83,mattsm00th,1
84,maziguman,2
85,mighttenten,1
86,miss_chibaby,1
87,musetraxed,1
88,nerdy07,1
89,newsgwcom,1
90,nialljohnn,1
91,paraigindota,1
92,pietrhoe,1
93,rexorangecouny,1
94,rosalie_murillo,1
95,sadjumper,1
96,sirhidb,1
97,sophie_kjcl,1
98,superblackorg,1
99,syakirdaniel2,1
100,thebabyjai,1
101,therealPhiz,1
102,tomslucifer,1
103,tylrmntg,1
